epoch,stage,train_loss,val_loss,train_auc,val_auc,learning_rate
1,warmup,2.4787934734707786,2.3136027392277256,0.5309375448211491,0.4396354166666667,
2,warmup,2.265122453868389,2.0322564245166883,0.5322296298290922,0.45200713734567904,
3,fine_tune,1.2349999475048943,1.2927269286223704,0.7639490421370403,0.7358555169753087,0.0001
4,fine_tune,0.5613690072138394,1.2066844599213202,0.8679900179960947,0.7705999228395061,0.0001
5,fine_tune,0.4062366376068981,1.0165546210167498,0.9010918716487444,0.7926089891975308,0.0001
6,fine_tune,0.3412895696583118,0.9158409957641516,0.918779088659385,0.8111603009259258,0.0001
7,fine_tune,0.2856163434322558,0.8522894815309608,0.9352976847001434,0.7923398919753086,0.0001
8,fine_tune,0.24197423567294166,0.6315184909747749,0.9393701584931784,0.8382127700617285,0.0001
9,fine_tune,0.20599729554309132,0.8380413366218715,0.9515764157332879,0.8358584104938271,0.0001
10,fine_tune,0.19122865981591444,0.7659273774865323,0.9587614122894166,0.8214834104938271,0.0001
11,fine_tune,0.16632708121102213,0.7451794510541195,0.9622772624443507,0.8359712577160494,5e-05
12,fine_tune,0.13920324662058625,0.7934331550836643,0.9691643122817526,0.8272019675925926,5e-05
13,fine_tune,0.11149610860861035,0.8156438832409307,0.9763004731215712,0.8386101466049383,5e-05
14,fine_tune,0.09589134834577202,0.804346575794959,0.9819127641738332,0.8438078703703704,5e-05
15,fine_tune,0.09984824953405352,0.8408134143891742,0.9797647020474283,0.8293827160493827,5e-05
16,fine_tune,0.096077626691459,0.8985537643508336,0.9817468667612198,0.8236111111111111,5e-05
17,fine_tune,0.09151563859302855,0.8667866422006589,0.9825305047292262,0.8355661651234567,2.5e-05
18,fine_tune,0.07472566982025802,0.9191453444826525,0.986432066788565,0.8276446759259258,2.5e-05
19,fine_tune,0.07026557270733715,0.966867879472356,0.9880085489014883,0.8242862654320988,2.5e-05
