frame_path,video_id,video_path,label,class_name,split,frame_index,face_detected,cached
/kaggle/working/deepfake_outputs/frames/external_test/real/model1/frame_000.jpg,model1,/kaggle/input/datasets/chandashekar8/deepfake-testing-videos/model1.mp4,0,Real,external_test,6,True,False
/kaggle/working/deepfake_outputs/frames/external_test/real/model1/frame_001.jpg,model1,/kaggle/input/datasets/chandashekar8/deepfake-testing-videos/model1.mp4,0,Real,external_test,27,True,False
/kaggle/working/deepfake_outputs/frames/external_test/real/model1/frame_002.jpg,model1,/kaggle/input/datasets/chandashekar8/deepfake-testing-videos/model1.mp4,0,Real,external_test,49,True,False
/kaggle/working/deepfake_outputs/frames/external_test/real/model1/frame_003.jpg,model1,/kaggle/input/datasets/chandashekar8/deepfake-testing-videos/model1.mp4,0,Real,external_test,71,True,False
/kaggle/working/deepfake_outputs/frames/external_test/real/model1/frame_004.jpg,model1,/kaggle/input/datasets/chandashekar8/deepfake-testing-videos/model1.mp4,0,Real,external_test,93,True,False
/kaggle/working/deepfake_outputs/frames/external_test/real/model1/frame_005.jpg,model1,/kaggle/input/datasets/chandashekar8/deepfake-testing-videos/model1.mp4,0,Real,external_test,115,True,False
/kaggle/working/deepfake_outputs/frames/external_test/real/model1/frame_006.jpg,model1,/kaggle/input/datasets/chandashekar8/deepfake-testing-videos/model1.mp4,0,Real,external_test,137,True,False
/kaggle/working/deepfake_outputs/frames/external_test/real/model1/frame_007.jpg,model1,/kaggle/input/datasets/chandashekar8/deepfake-testing-videos/model1.mp4,0,Real,external_test,159,True,False
/kaggle/working/deepfake_outputs/frames/external_test/real/model1/frame_008.jpg,model1,/kaggle/input/datasets/chandashekar8/deepfake-testing-videos/model1.mp4,0,Real,external_test,181,True,False
/kaggle/working/deepfake_outputs/frames/external_test/real/model1/frame_009.jpg,model1,/kaggle/input/datasets/chandashekar8/deepfake-testing-videos/model1.mp4,0,Real,external_test,203,True,False
/kaggle/working/deepfake_outputs/frames/external_test/real/model1/frame_010.jpg,model1,/kaggle/input/datasets/chandashekar8/deepfake-testing-videos/model1.mp4,0,Real,external_test,225,True,False
/kaggle/working/deepfake_outputs/frames/external_test/real/model1/frame_011.jpg,model1,/kaggle/input/datasets/chandashekar8/deepfake-testing-videos/model1.mp4,0,Real,external_test,247,True,False
/kaggle/working/deepfake_outputs/frames/external_test/real/model1/frame_012.jpg,model1,/kaggle/input/datasets/chandashekar8/deepfake-testing-videos/model1.mp4,0,Real,external_test,269,True,False
/kaggle/working/deepfake_outputs/frames/external_test/real/model1/frame_013.jpg,model1,/kaggle/input/datasets/chandashekar8/deepfake-testing-videos/model1.mp4,0,Real,external_test,291,True,False
/kaggle/working/deepfake_outputs/frames/external_test/real/model1/frame_014.jpg,model1,/kaggle/input/datasets/chandashekar8/deepfake-testing-videos/model1.mp4,0,Real,external_test,313,True,False
/kaggle/working/deepfake_outputs/frames/external_test/real/model1/frame_015.jpg,model1,/kaggle/input/datasets/chandashekar8/deepfake-testing-videos/model1.mp4,0,Real,external_test,335,True,False
/kaggle/working/deepfake_outputs/frames/external_test/fake/modeloutput1/frame_000.jpg,modeloutput1,/kaggle/input/datasets/chandashekar8/deepfake-testing-videos/modeloutput1.mp4,1,Fake,external_test,6,True,False
/kaggle/working/deepfake_outputs/frames/external_test/fake/modeloutput1/frame_001.jpg,modeloutput1,/kaggle/input/datasets/chandashekar8/deepfake-testing-videos/modeloutput1.mp4,1,Fake,external_test,27,True,False
/kaggle/working/deepfake_outputs/frames/external_test/fake/modeloutput1/frame_002.jpg,modeloutput1,/kaggle/input/datasets/chandashekar8/deepfake-testing-videos/modeloutput1.mp4,1,Fake,external_test,49,False,False
/kaggle/working/deepfake_outputs/frames/external_test/fake/modeloutput1/frame_003.jpg,modeloutput1,/kaggle/input/datasets/chandashekar8/deepfake-testing-videos/modeloutput1.mp4,1,Fake,external_test,71,True,False
/kaggle/working/deepfake_outputs/frames/external_test/fake/modeloutput1/frame_004.jpg,modeloutput1,/kaggle/input/datasets/chandashekar8/deepfake-testing-videos/modeloutput1.mp4,1,Fake,external_test,93,True,False
/kaggle/working/deepfake_outputs/frames/external_test/fake/modeloutput1/frame_005.jpg,modeloutput1,/kaggle/input/datasets/chandashekar8/deepfake-testing-videos/modeloutput1.mp4,1,Fake,external_test,115,True,False
/kaggle/working/deepfake_outputs/frames/external_test/fake/modeloutput1/frame_006.jpg,modeloutput1,/kaggle/input/datasets/chandashekar8/deepfake-testing-videos/modeloutput1.mp4,1,Fake,external_test,137,True,False
/kaggle/working/deepfake_outputs/frames/external_test/fake/modeloutput1/frame_007.jpg,modeloutput1,/kaggle/input/datasets/chandashekar8/deepfake-testing-videos/modeloutput1.mp4,1,Fake,external_test,159,True,False
/kaggle/working/deepfake_outputs/frames/external_test/fake/modeloutput1/frame_008.jpg,modeloutput1,/kaggle/input/datasets/chandashekar8/deepfake-testing-videos/modeloutput1.mp4,1,Fake,external_test,181,False,False
/kaggle/working/deepfake_outputs/frames/external_test/fake/modeloutput1/frame_009.jpg,modeloutput1,/kaggle/input/datasets/chandashekar8/deepfake-testing-videos/modeloutput1.mp4,1,Fake,external_test,203,False,False
/kaggle/working/deepfake_outputs/frames/external_test/fake/modeloutput1/frame_010.jpg,modeloutput1,/kaggle/input/datasets/chandashekar8/deepfake-testing-videos/modeloutput1.mp4,1,Fake,external_test,225,True,False
/kaggle/working/deepfake_outputs/frames/external_test/fake/modeloutput1/frame_011.jpg,modeloutput1,/kaggle/input/datasets/chandashekar8/deepfake-testing-videos/modeloutput1.mp4,1,Fake,external_test,247,True,False
/kaggle/working/deepfake_outputs/frames/external_test/fake/modeloutput1/frame_012.jpg,modeloutput1,/kaggle/input/datasets/chandashekar8/deepfake-testing-videos/modeloutput1.mp4,1,Fake,external_test,269,False,False
/kaggle/working/deepfake_outputs/frames/external_test/fake/modeloutput1/frame_013.jpg,modeloutput1,/kaggle/input/datasets/chandashekar8/deepfake-testing-videos/modeloutput1.mp4,1,Fake,external_test,291,False,False
/kaggle/working/deepfake_outputs/frames/external_test/fake/modeloutput1/frame_014.jpg,modeloutput1,/kaggle/input/datasets/chandashekar8/deepfake-testing-videos/modeloutput1.mp4,1,Fake,external_test,313,True,False
/kaggle/working/deepfake_outputs/frames/external_test/fake/modeloutput1/frame_015.jpg,modeloutput1,/kaggle/input/datasets/chandashekar8/deepfake-testing-videos/modeloutput1.mp4,1,Fake,external_test,335,True,False
