video_id,status,frames_saved,read_failures
21_03__talking_against_wall__YCSEBZO4,completed,16,0
01_04__podium_speech_happy__6I623VU9,completed,16,0
28__kitchen_pan,completed,16,0
26_11__outside_talking_pan_laughing__ALJ0OHNM,completed,16,0
15__walking_outside_cafe_disgusted,completed,16,0
09_13__walk_down_hall_angry__BVZGDFD8,completed,16,0
02__hugging_happy,completed,16,0
27_02__kitchen_pan__B3XHKO27,completed,16,0
11_02__secret_conversation__NZJ1YEWE,completed,16,0
10__podium_speech_happy,completed,16,0
06__podium_speech_happy,completed,16,0
18_21__outside_talking_pan_laughing__PQFTWVRQ,completed,16,0
08__outside_talking_pan_laughing,completed,16,0
14_21__podium_speech_happy__N0WM4GSV,completed,16,0
13_02__secret_conversation__PLNVLO74,completed,16,0
02_27__walking_outside_cafe_disgusted__78M8S6M6,completed,16,0
18__outside_talking_still_laughing,completed,16,0
03_15__kitchen_pan__AIOM1U5V,completed,16,0
19_24__kitchen_still__GNHYZ84G,completed,16,0
12__podium_speech_happy,completed,16,0
03_02__secret_conversation__GYX5OFTD,completed,16,0
10_22__walking_outside_cafe_disgusted__C1U7OY5M,completed,16,0
08__talking_against_wall,completed,16,0
01_26__outside_talking_pan_laughing__ZMEJ535O,completed,16,0
03__outside_talking_still_laughing,completed,16,0
24_19__walk_down_hall_angry__OF8LF68K,completed,16,0
06_20__outside_talking_pan_laughing__6SUW7063,completed,16,0
19__kitchen_still,completed,16,0
18__walk_down_hall_angry,completed,16,0
28_05__exit_phone_room__VR9127O1,completed,16,0
03__kitchen_still,completed,16,0
09_03__talking_against_wall__8DTEGQ54,completed,16,0
18_14__secret_conversation__A5A1Q467,completed,16,0
09__walking_down_street_outside_angry,completed,16,0
20_06__kitchen_pan__6SUW7063,completed,16,0
07__secret_conversation,completed,16,0
20_13__outside_talking_pan_laughing__C50CSOEX,completed,16,0
07_26__outside_talking_still_laughing__FGNGC2GT,completed,16,0
01__exit_phone_room,completed,16,0
24_19__outside_talking_pan_laughing__W1DEM0XM,completed,16,0
07__walking_outside_cafe_disgusted,completed,16,0
06__hugging_happy,completed,16,0
28_16__podium_speech_happy__ZA8XJIE9,completed,16,0
11_01__podium_speech_happy__FCNL2OVP,completed,16,0
02__talking_angry_couch,completed,16,0
16__walking_and_outside_surprised,completed,16,0
27__kitchen_pan,completed,16,0
22__podium_speech_happy,completed,16,0
15__talking_angry_couch,completed,16,0
03__talking_against_wall,completed,16,0
25_26__podium_speech_happy__PQ41U3IJ,completed,16,0
10__talking_against_wall,completed,16,0
15_03__kitchen_pan__DG8ITQO3,completed,16,0
27_18__outside_talking_still_laughing__NYHE8D0J,completed,16,0
22__kitchen_pan,completed,16,0
15__walking_and_outside_surprised,completed,16,0
18_06__outside_talking_pan_laughing__DEA1TCLN,completed,16,0
09__talking_angry_couch,completed,16,0
09_20__talking_angry_couch__98NUQ3E6,completed,16,0
22__walk_down_hall_angry,completed,16,0
02_06__secret_conversation__O9WOC1KJ,completed,16,0
24__walking_down_street_outside_angry,completed,16,0
06_11__kitchen_still__C8C4FW99,completed,16,0
22__kitchen_still,completed,16,0
07_02__walk_down_hall_angry__U7DEOZNV,completed,16,0
01_20__meeting_serious__6UBMLXK3,completed,16,0
02_15__outside_talking_still_laughing__HTG660F8,completed,16,0
23__outside_talking_still_laughing,completed,16,0
26_12__talking_angry_couch__FWFQ5YB8,completed,16,0
04_02__walk_down_hall_angry__8CH7R4LW,completed,16,0
03__walking_down_street_outside_angry,completed,16,0
05_16__walk_down_hall_angry__4MEM6YNQ,completed,16,0
27__walk_down_hall_angry,completed,16,0
03_07__talking_against_wall__F0YYEA5W,completed,16,0
16__podium_speech_happy,completed,16,0
20__walking_outside_cafe_disgusted,completed,16,0
18__exit_phone_room,completed,16,0
01__meeting_serious,completed,16,0
07__talking_against_wall,completed,16,0
13_26__podium_speech_happy__XRS5W2NC,completed,16,0
11_01__talking_angry_couch__LL4RUKZA,completed,16,0
18_03__outside_talking_pan_laughing__8HNSXOBW,completed,16,0
24__exit_phone_room,completed,16,0
10_22__kitchen_still__J2HR5HKH,completed,16,0
04__walking_outside_cafe_disgusted,completed,16,0
05__hugging_happy,completed,16,0
20_01__secret_conversation__6UBMLXK3,completed,16,0
20_25__hugging_happy__M86GQTHK,completed,16,0
05__exit_phone_room,completed,16,0
16__kitchen_pan,completed,16,0
17__talking_angry_couch,completed,16,0
03_21__secret_conversation__YCSEBZO4,completed,16,0
18_03__podium_speech_happy__UEC1BI8E,completed,16,0
02_27__outside_talking_pan_laughing__QW05XUUZ,completed,16,0
02_13__secret_conversation__CP5HFV3K,completed,16,0
23__walking_down_street_outside_angry,completed,16,0
03_18__exit_phone_room__N72YE748,completed,16,0
18__walking_outside_cafe_disgusted,completed,16,0
26__secret_conversation,completed,16,0
23__exit_phone_room,completed,16,0
12__outside_talking_still_laughing,completed,16,0
27__walking_outside_cafe_disgusted,completed,16,0
18__outside_talking_pan_laughing,completed,16,0
21__outside_talking_still_laughing,completed,16,0
17_05__kitchen_pan__M3H96PDQ,completed,16,0
23__walking_outside_cafe_disgusted,completed,16,0
01__podium_speech_happy,completed,16,0
13_11__podium_speech_happy__XXKQ4XM0,completed,16,0
16__hugging_happy,completed,16,0
02_13__talking_angry_couch__AROBAY8R,completed,16,0
06_26__talking_against_wall__L5BVR5L9,completed,16,0
17__walking_and_outside_surprised,completed,16,0
04__talking_angry_couch,completed,16,0
19__walking_down_street_outside_angry,completed,16,0
06__talking_angry_couch,completed,16,0
18__kitchen_still,completed,16,0
20_27__walk_down_hall_angry__LM907ECA,completed,16,0
01__talking_angry_couch,completed,16,0
12__kitchen_pan,completed,16,0
15__walking_down_street_outside_angry,completed,16,0
18_26__secret_conversation__UMEX6HWU,completed,16,0
05__kitchen_still,completed,16,0
09_02__outside_talking_pan_laughing__HIH8YA82,completed,16,0
02_04__hugging_happy__SUIZOXAJ,completed,16,0
15__hugging_happy,completed,16,0
11__exit_phone_room,completed,16,0
01__walk_down_hall_angry,completed,16,0
20__talking_against_wall,completed,16,0
20_26__kitchen_still__34DJQS3E,completed,16,0
23__secret_conversation,completed,16,0
16__walking_down_indoor_hall_disgust,completed,16,0
18_15__kitchen_pan__V5VHLCOW,completed,16,0
12__secret_conversation,completed,16,0
15_25__talking_angry_couch__FF95NMIQ,completed,16,0
27__talking_against_wall,completed,16,0
08__walking_outside_cafe_disgusted,completed,16,0
02_13__outside_talking_still_laughing__2YSYT2N3,completed,16,0
14_02__kitchen_pan__3IUBEKCT,completed,16,0
05_08__exit_phone_room__YN1Q9TER,completed,16,0
25_27__outside_talking_still_laughing__1KU29EUL,completed,16,0
22__outside_talking_pan_laughing,completed,16,0
27__talking_angry_couch,completed,16,0
03_12__walking_outside_cafe_disgusted__D7G6YJON,completed,16,0
25__talking_against_wall,completed,16,0
25_15__walking_down_street_outside_angry__FF95NMIQ,completed,16,0
09_13__walk_down_hall_angry__6K90KFOQ,completed,16,0
04_26__secret_conversation__WX836VLY,completed,16,0
05_16__outside_talking_pan_laughing__053HPS1G,completed,16,0
25_06__walk_down_hall_angry__3QQBVBYN,completed,16,0
22__walking_down_street_outside_angry,completed,16,0
16_05__walk_down_hall_angry__V7BK27TX,completed,16,0
21__kitchen_still,completed,16,0
01_11__hugging_happy__EKE2KNRE,completed,16,0
14__walking_and_outside_surprised,completed,16,0
14__talking_angry_couch,completed,16,0
13__secret_conversation,completed,16,0
23__kitchen_still,completed,16,0
03__walking_outside_cafe_disgusted,completed,16,0
18_25__walk_down_hall_angry__AUC0HY5T,completed,16,0
02_18__exit_phone_room__OXMEEFUQ,completed,16,0
02__outside_talking_still_laughing,completed,16,0
06_03__walk_down_hall_angry__1IXGY2FK,completed,16,0
20__outside_talking_pan_laughing,completed,16,0
05__walking_outside_cafe_disgusted,completed,16,0
07__outside_talking_still_laughing,completed,16,0
26_14__talking_against_wall__ILLP29ZH,completed,16,0
12__exit_phone_room,completed,16,0
15_03__walk_down_hall_angry__AIOM1U5V,completed,16,0
08_05__walk_down_hall_angry__PRBCE28Z,completed,16,0
27__walking_down_indoor_hall_disgust,completed,16,0
12_13__outside_talking_still_laughing__N8IGC93J,completed,16,0
23__talking_against_wall,completed,16,0
17__kitchen_pan,completed,16,0
23__kitchen_pan,completed,16,0
01_11__outside_talking_pan_laughing__UQ0BOBNO,completed,16,0
25_21__walking_down_street_outside_angry__NFBISHIN,completed,16,0
28_16__kitchen_pan__X5FNCYON,completed,16,0
23__walking_and_outside_surprised,completed,16,0
03__walking_down_indoor_hall_disgust,completed,16,0
13_02__exit_phone_room__PLNVLO74,completed,16,0
07_02__talking_angry_couch__1VMZUH1W,completed,16,0
27_13__hugging_happy__A1OSUJE9,completed,16,0
17__walk_down_hall_angry,completed,16,0
01_11__podium_speech_happy__WIZ7GKOD,completed,16,0
11__outside_talking_still_laughing,completed,16,0
12__talking_against_wall,completed,16,0
14__talking_against_wall,completed,16,0
27__podium_speech_happy,completed,16,0
14_01__kitchen_still__01YF7VQM,completed,16,0
16__walking_down_street_outside_angry,completed,16,0
13__kitchen_still,completed,16,0
02_07__secret_conversation__1VMZUH1W,completed,16,0
01_15__podium_speech_happy__02HILKYO,completed,16,0
12__outside_talking_pan_laughing,completed,16,0
17_16__exit_phone_room__S7UMSIQV,completed,16,0
22_24__talking_against_wall__XL557XC6,completed,16,0
25_12__secret_conversation__0SA36BZ5,completed,16,0
01_09__talking_angry_couch__O8HNNX43,completed,16,0
02_14__walking_outside_cafe_disgusted__3IUBEKCT,completed,16,0
12_15__walking_down_street_outside_angry__N0SRODQD,completed,16,0
02_06__walking_down_indoor_hall_disgust__GH8TGTBS,completed,16,0
08_05__kitchen_still__UNN7ZGKO,completed,16,0
06_25__walking_and_outside_surprised__MI9BDQ7M,completed,16,0
22__walking_outside_cafe_disgusted,completed,16,0
15_20__outside_talking_pan_laughing__99NHTFBM,completed,16,0
02__walking_and_outside_surprised,completed,16,0
06__walking_down_indoor_hall_disgust,completed,16,0
16_05__hugging_happy__V7BK27TX,completed,16,0
27__kitchen_still,completed,16,0
26_09__talking_against_wall__C3K20JOL,completed,16,0
21_09__outside_talking_still_laughing__O9ER29Z6,completed,16,0
04_15__talking_against_wall__7NW4Z6WZ,completed,16,0
11__kitchen_pan,completed,16,0
07_25__walking_outside_cafe_disgusted__PAE9HCA8,completed,16,0
23_22__walking_outside_cafe_disgusted__X2ZN5Q31,completed,16,0
20__talking_angry_couch,completed,16,0
20__walking_down_street_outside_angry,completed,16,0
21__exit_phone_room,completed,16,0
04_03__talking_angry_couch__T04P6ELC,completed,16,0
23__podium_speech_happy,completed,16,0
18_03__exit_phone_room__32DBR8L4,completed,16,0
26__kitchen_pan,completed,16,0
07__walk_down_hall_angry,completed,16,0
21_20__walking_down_indoor_hall_disgust__ZCB5OMEW,completed,16,0
11_20__secret_conversation__B2H95QXV,completed,16,0
16_17__hugging_happy__S7UMSIQV,completed,16,0
24_19__podium_speech_happy__OF8LF68K,completed,16,0
03_14__exit_phone_room__KJ221YN0,completed,16,0
28_05__exit_phone_room__U9LRLJ6N,completed,16,0
02_01__talking_against_wall__YVGY8LOK,completed,16,0
25__walk_down_hall_angry,completed,16,0
06_03__hugging_happy__4I8LRXWF,completed,16,0
12__hugging_happy,completed,16,0
17__walking_down_indoor_hall_disgust,completed,16,0
23_24__kitchen_still__MDSDXSNU,completed,16,0
17__hugging_happy,completed,16,0
15__talking_against_wall,completed,16,0
26_18__kitchen_pan__C9VUQS9O,completed,16,0
10_19__walking_down_street_outside_angry__IDX76N5R,completed,16,0
19__walk_down_hall_angry,completed,16,0
13_07__walking_down_street_outside_angry__RVQCPCJF,completed,16,0
14_07__hugging_happy__P9QFO50U,completed,16,0
01_15__kitchen_pan__02HILKYO,completed,16,0
26_13__podium_speech_happy__U5ELHUN5,completed,16,0
02__exit_phone_room,completed,16,0
03_11__outside_talking_still_laughing__P08VGHTA,completed,16,0
05__kitchen_pan,completed,16,0
17__exit_phone_room,completed,16,0
01_09__secret_conversation__SJZRV69J,completed,16,0
26__outside_talking_pan_laughing,completed,16,0
23__walk_down_hall_angry,completed,16,0
13__kitchen_pan,completed,16,0
10__talking_angry_couch,completed,16,0
12_15__walking_down_indoor_hall_disgust__RK17XFJ9,completed,16,0
02_07__hugging_happy__O4SXNLRL,completed,16,0
22_19__walking_outside_cafe_disgusted__VK6BF5NV,completed,16,0
27__hugging_happy,completed,16,0
25__outside_talking_pan_laughing,completed,16,0
24_22__talking_against_wall__XL557XC6,completed,16,0
04__walk_down_hall_angry,completed,16,0
03_14__meeting_serious__PLCQJM81,completed,16,0
14__walking_down_indoor_hall_disgust,completed,16,0
10_22__walking_down_street_outside_angry__8YQ2EUQP,completed,16,0
15_02__outside_talking_still_laughing__P2FAY3DR,completed,16,0
12_25__walking_down_indoor_hall_disgust__FQE07ND1,completed,16,0
02_07__outside_talking_pan_laughing__34PVT42V,completed,16,0
02__kitchen_still,completed,16,0
02__walking_down_indoor_hall_disgust,completed,16,0
25__outside_talking_still_laughing,completed,16,0
02_01__walking_outside_cafe_disgusted__YVGY8LOK,completed,16,0
19__walking_outside_cafe_disgusted,completed,16,0
12_25__podium_speech_happy__G26LG5N7,completed,16,0
02__podium_speech_happy,completed,16,0
23_10__exit_phone_room__W4BDINQ5,completed,16,0
25_20__outside_talking_still_laughing__M86GQTHK,completed,16,0
15_02__talking_against_wall__MZWH8ATN,completed,16,0
03_21__talking_against_wall__YCSEBZO4,completed,16,0
24__talking_against_wall,completed,16,0
14_21__talking_angry_couch__IRKML4J0,completed,16,0
02_18__walking_and_outside_surprised__B95S4G6F,completed,16,0
17__walking_down_street_outside_angry,completed,16,0
01_12__outside_talking_still_laughing__TNI7KUZ6,completed,16,0
13__walk_down_hall_angry,completed,16,0
07__hugging_happy,completed,16,0
13_02__kitchen_pan__2YSYT2N3,completed,16,0
07__talking_angry_couch,completed,16,0
27__exit_phone_room,completed,16,0
09_13__outside_talking_pan_laughing__LPT427RY,completed,16,0
02_09__kitchen_pan__6KUOFMZW,completed,16,0
27_06__walk_down_hall_angry__S3T7SK9O,completed,16,0
16__walking_outside_cafe_disgusted,completed,16,0
17_08__podium_speech_happy__JZYRLJ8T,completed,16,0
03__meeting_serious,completed,16,0
20_06__walk_down_hall_angry__6SUW7063,completed,16,0
18__talking_against_wall,completed,16,0
02__kitchen_pan,completed,16,0
08__kitchen_still,completed,16,0
18_26__kitchen_still__C9VUQS9O,completed,16,0
07__outside_talking_pan_laughing,completed,16,0
25__walking_outside_cafe_disgusted,completed,16,0
03__talking_angry_couch,completed,16,0
03_11__walking_outside_cafe_disgusted__P08VGHTA,completed,16,0
08__podium_speech_happy,completed,16,0
26_09__outside_talking_still_laughing__QSE5A0GF,completed,16,0
20__exit_phone_room,completed,16,0
05__podium_speech_happy,completed,16,0
14__walking_outside_cafe_disgusted,completed,16,0
13__outside_talking_pan_laughing,completed,16,0
02_01__exit_phone_room__YVGY8LOK,completed,16,0
12_15__secret_conversation__RK17XFJ9,completed,16,0
20_11__kitchen_still__GNK9UR8K,completed,16,0
26__walking_down_street_outside_angry,completed,16,0
27_02__podium_speech_happy__FV8M8O2C,completed,16,0
02_25__talking_against_wall__Z7FQ69VP,completed,16,0
13__podium_speech_happy,completed,16,0
02_07__meeting_serious__1JCLEEBQ,completed,16,0
03_07__podium_speech_happy__IFSURI9X,completed,16,0
26__exit_phone_room,completed,16,0
21__talking_against_wall,completed,16,0
09_02__podium_speech_happy__9TDCEK1Q,completed,16,0
22__talking_against_wall,completed,16,0
24__podium_speech_happy,completed,16,0
19_23__secret_conversation__H4SUVFTL,completed,16,0
07_03__walking_down_street_outside_angry__CDSNLDQ8,completed,16,0
25_09__walking_outside_cafe_disgusted__ODAQ7BZL,completed,16,0
19_24__outside_talking_pan_laughing__OF8LF68K,completed,16,0
03__exit_phone_room,completed,16,0
25_21__walking_down_street_outside_angry__2R46UX3R,completed,16,0
27__outside_talking_pan_laughing,completed,16,0
04__outside_talking_pan_laughing,completed,16,0
03_26__talking_against_wall__WBSXBL82,completed,16,0
05_16__walking_down_street_outside_angry__OSXCUOHX,completed,16,0
24__kitchen_pan,completed,16,0
10__walking_down_street_outside_angry,completed,16,0
03_15__kitchen_pan__DNUJD8M2,completed,16,0
02_14__outside_talking_pan_laughing__3IUBEKCT,completed,16,0
03_14__kitchen_pan__38OVCK3X,completed,16,0
26__talking_against_wall,completed,16,0
18__walking_down_street_outside_angry,completed,16,0
20__walking_and_outside_surprised,completed,16,0
02_15__talking_against_wall__P2FAY3DR,completed,16,0
16__outside_talking_pan_laughing,completed,16,0
26_11__walking_outside_cafe_disgusted__ALJ0OHNM,completed,16,0
01__talking_against_wall,completed,16,0
11__walking_outside_cafe_disgusted,completed,16,0
26_03__talking_against_wall__WBSXBL82,completed,16,0
21__walking_down_street_outside_angry,completed,16,0
12__walking_down_indoor_hall_disgust,completed,16,0
02__talking_against_wall,completed,16,0
14_03__walking_outside_cafe_disgusted__PLCQJM81,completed,16,0
08_17__kitchen_still__ZCEYWYTC,completed,16,0
08__exit_phone_room,completed,16,0
16__walk_down_hall_angry,completed,16,0
11__podium_speech_happy,completed,16,0
01_11__hugging_happy__5OVT6C66,completed,16,0
14_01__kitchen_pan__0S0NS5C6,completed,16,0
15_03__walking_and_outside_surprised__DG8ITQO3,completed,16,0
06__walking_and_outside_surprised,completed,16,0
15__walk_down_hall_angry,completed,16,0
01_04__exit_phone_room__0XUW13RW,completed,16,0
16__exit_phone_room,completed,16,0
09__walk_down_hall_angry,completed,16,0
14_07__walking_down_indoor_hall_disgust__P9QFO50U,completed,16,0
10_19__talking_angry_couch__QNZIMEJH,completed,16,0
03__walking_and_outside_surprised,completed,16,0
13_11__outside_talking_still_laughing__XXKQ4XM0,completed,16,0
10__walking_outside_cafe_disgusted,completed,16,0
06__kitchen_still,completed,16,0
14__podium_speech_happy,completed,16,0
15_02__talking_against_wall__HTG660F8,completed,16,0
06__outside_talking_pan_laughing,completed,16,0
04_01__walking_down_street_outside_angry__0XUW13RW,completed,16,0
10__walk_down_hall_angry,completed,16,0
03_26__kitchen_still__WBSXBL82,completed,16,0
13_02__outside_talking_still_laughing__2YSYT2N3,completed,16,0
05_08__talking_against_wall__PRBCE28Z,completed,16,0
11__walking_down_street_outside_angry,completed,16,0
11__talking_angry_couch,completed,16,0
20_01__outside_talking_pan_laughing__6UBMLXK3,completed,16,0
15_03__exit_phone_room__GZNLO4X9,completed,16,0
19_24__talking_against_wall__QD5K7BP2,completed,16,0
09__outside_talking_pan_laughing,completed,16,0
02_03__walking_outside_cafe_disgusted__GYX5OFTD,completed,16,0
16__kitchen_still,completed,16,0
02_06__walk_down_hall_angry__0M6JNS5D,completed,16,0
26__outside_talking_still_laughing,completed,16,0
02_18__walk_down_hall_angry__B95S4G6F,completed,16,0
24__outside_talking_pan_laughing,completed,16,0
03_09__outside_talking_still_laughing__8DTEGQ54,completed,16,0
05__walking_down_street_outside_angry,completed,16,0
07_14__podium_speech_happy__P9QFO50U,completed,16,0
14__walking_down_street_outside_angry,completed,16,0
23_22__walking_and_outside_surprised__J671JKCH,completed,16,0
01__kitchen_pan,completed,16,0
09_20__walking_down_street_outside_angry__HG1S0KHA,completed,16,0
15_12__walking_down_indoor_hall_disgust__RK17XFJ9,completed,16,0
15_02__walking_outside_cafe_disgusted__P2FAY3DR,completed,16,0
17__outside_talking_still_laughing,completed,16,0
14_01__hugging_happy__0S0NS5C6,completed,16,0
23__talking_angry_couch,completed,16,0
18_02__outside_talking_still_laughing__OXMEEFUQ,completed,16,0
23_24__kitchen_still__YR5OVD4S,completed,16,0
10__kitchen_still,completed,16,0
20__secret_conversation,completed,16,0
13__walking_down_street_outside_angry,completed,16,0
17__talking_against_wall,completed,16,0
06__walking_down_street_outside_angry,completed,16,0
17_16__hugging_happy__S7UMSIQV,completed,16,0
02__walking_down_street_outside_angry,completed,16,0
26__talking_angry_couch,completed,16,0
21__outside_talking_pan_laughing,completed,16,0
22__walking_and_outside_surprised,completed,16,0
26_12__kitchen_pan__BFBNM8FR,completed,16,0
12_01__kitchen_pan__TNI7KUZ6,completed,16,0
28__exit_phone_room,completed,16,0
20_25__hugging_happy__CYKLS79C,completed,16,0
02_12__walking_and_outside_surprised__9D2ZHEKW,completed,16,0
25__secret_conversation,completed,16,0
27_18__walk_down_hall_angry__BSOLX3SI,completed,16,0
27_07__podium_speech_happy__LEVU87KC,completed,16,0
19__outside_talking_still_laughing,completed,16,0
19_23__secret_conversation__D1K19NUP,completed,16,0
14_09__walking_down_street_outside_angry__6TEK3ZX0,completed,16,0
24__secret_conversation,completed,16,0
06__kitchen_pan,completed,16,0
12__walk_down_hall_angry,completed,16,0
01__kitchen_still,completed,16,0
15_20__podium_speech_happy__99NHTFBM,completed,16,0
19__kitchen_pan,completed,16,0
02_27__outside_talking_still_laughing__YQX5Z8GN,completed,16,0
06_03__walking_down_indoor_hall_disgust__OPTNKNYK,completed,16,0
09__exit_phone_room,completed,16,0
25_13__outside_talking_still_laughing__IW9OFVMG,completed,16,0
21__walking_and_outside_surprised,completed,16,0
09_07__kitchen_pan__N9CWME71,completed,16,0
09__outside_talking_still_laughing,completed,16,0
02_07__kitchen_still__TBLYQBIY,completed,16,0
06_15__kitchen_pan__E98QYYXO,completed,16,0
03_01__walking_and_outside_surprised__JZUXXFRB,completed,16,0
22__walking_down_indoor_hall_disgust,completed,16,0
01__walking_outside_cafe_disgusted,completed,16,0
12_26__kitchen_pan__HEKDCIHW,completed,16,0
06_27__hugging_happy__S3T7SK9O,completed,16,0
03__outside_talking_pan_laughing,completed,16,0
06__outside_talking_still_laughing,completed,16,0
28__talking_angry_couch,completed,16,0
18__kitchen_pan,completed,16,0
20_18__outside_talking_pan_laughing__8BMQOD7S,completed,16,0
09__podium_speech_happy,completed,16,0
12__kitchen_still,completed,16,0
02_25__secret_conversation__Z7FQ69VP,completed,16,0
01__outside_talking_pan_laughing,completed,16,0
07_03__talking_against_wall__PWXXULHR,completed,16,0
14__kitchen_still,completed,16,0
15__exit_phone_room,completed,16,0
12_26__exit_phone_room__HEKDCIHW,completed,16,0
11_26__kitchen_still__7C0VKV43,completed,16,0
15_20__walking_down_indoor_hall_disgust__CYD62VPP,completed,16,0
05__outside_talking_still_laughing,completed,16,0
25__walking_down_street_outside_angry,completed,16,0
01__outside_talking_still_laughing,completed,16,0
28__secret_conversation,completed,16,0
02_13__kitchen_pan__CP5HFV3K,completed,16,0
04__talking_against_wall,completed,16,0
03_18__outside_talking_pan_laughing__22UBC0BS,completed,16,0
25_15__secret_conversation__BXVA6VQB,completed,16,0
14__kitchen_pan,completed,16,0
21_20__hugging_happy__ZCB5OMEW,completed,16,0
11__walk_down_hall_angry,completed,16,0
07__exit_phone_room,completed,16,0
01__walking_down_street_outside_angry,completed,16,0
23_19__walking_outside_cafe_disgusted__WHQ1229T,completed,16,0
24_23__talking_angry_couch__MDSDXSNU,completed,16,0
05__outside_talking_pan_laughing,completed,16,0
06__walking_outside_cafe_disgusted,completed,16,0
10_22__talking_angry_couch__X803B18R,completed,16,0
10__kitchen_pan,completed,16,0
14__walk_down_hall_angry,completed,16,0
13_09__outside_talking_pan_laughing__6K90KFOQ,completed,16,0
02_06__walk_down_hall_angry__MKZTXQ2T,completed,16,0
10__outside_talking_pan_laughing,completed,16,0
17__outside_talking_pan_laughing,completed,16,0
07__walking_down_street_outside_angry,completed,16,0
02_13__talking_angry_couch__CP5HFV3K,completed,16,0
04_02__outside_talking_pan_laughing__8CH7R4LW,completed,16,0
12_13__walking_and_outside_surprised__Q442U52P,completed,16,0
01_02__exit_phone_room__YVGY8LOK,completed,16,0
17_16__walking_down_indoor_hall_disgust__S7UMSIQV,completed,16,0
09_02__exit_phone_room__HIH8YA82,completed,16,0
22_19__walking_down_indoor_hall_disgust__VK6BF5NV,completed,16,0
11_01__secret_conversation__WIZ7GKOD,completed,16,0
12_15__secret_conversation__N0SRODQD,completed,16,0
18__secret_conversation,completed,16,0
28__outside_talking_pan_laughing,completed,16,0
02_15__talking_against_wall__MZWH8ATN,completed,16,0
02_06__walking_outside_cafe_disgusted__GH8TGTBS,completed,16,0
19_24__outside_talking_still_laughing__DL7X7M6I,completed,16,0
27__walking_down_street_outside_angry,completed,16,0
01__secret_conversation,completed,16,0
12__walking_outside_cafe_disgusted,completed,16,0
07_02__outside_talking_pan_laughing__O4SXNLRL,completed,16,0
11_07__kitchen_pan__H1YF1M1B,completed,16,0
13__hugging_happy,completed,16,0
21_09__talking_angry_couch__CGIID3GV,completed,16,0
03_21__exit_phone_room__V53E3RVB,completed,16,0
15_02__hugging_happy__HTG660F8,completed,16,0
13__walking_down_indoor_hall_disgust,completed,16,0
07_02__walking_outside_cafe_disgusted__1H07DFQJ,completed,16,0
05__walk_down_hall_angry,completed,16,0
06__talking_against_wall,completed,16,0
26__walk_down_hall_angry,completed,16,0
13__exit_phone_room,completed,16,0
02__secret_conversation,completed,16,0
12_07__walking_outside_cafe_disgusted__KAG65PEE,completed,16,0
14__exit_phone_room,completed,16,0
09__kitchen_pan,completed,16,0
12__walking_down_street_outside_angry,completed,16,0
08_28__podium_speech_happy__HIOU8Z8I,completed,16,0
11__outside_talking_pan_laughing,completed,16,0
28__podium_speech_happy,completed,16,0
18_25__exit_phone_room__AUC0HY5T,completed,16,0
20__hugging_happy,completed,16,0
01__walking_and_outside_surprised,completed,16,0
14_26__outside_talking_still_laughing__ILLP29ZH,completed,16,0
21__walk_down_hall_angry,completed,16,0
12_14__walk_down_hall_angry__Z7EWFA0P,completed,16,0
09_21__talking_against_wall__PF4WD2KJ,completed,16,0
21_25__walk_down_hall_angry__NFBISHIN,completed,16,0
02_07__walking_and_outside_surprised__UH60ROEK,completed,16,0
03_07__walk_down_hall_angry__IFSURI9X,completed,16,0
23__hugging_happy,completed,16,0
21__podium_speech_happy,completed,16,0
19_10__talking_angry_couch__BVVPN5D5,completed,16,0
13__talking_against_wall,completed,16,0
19__podium_speech_happy,completed,16,0
23_22__outside_talking_pan_laughing__J671JKCH,completed,16,0
22__outside_talking_still_laughing,completed,16,0
20__podium_speech_happy,completed,16,0
04_18__kitchen_still__NAXINA1N,completed,16,0
26_14__exit_phone_room__SU8SAHTT,completed,16,0
27_25__walking_down_street_outside_angry__1KU29EUL,completed,16,0
02__walking_outside_cafe_disgusted,completed,16,0
20_13__secret_conversation__4RU7I77X,completed,16,0
14__secret_conversation,completed,16,0
26__walking_outside_cafe_disgusted,completed,16,0
06_18__walking_down_street_outside_angry__MVXBDKGB,completed,16,0
13__talking_angry_couch,completed,16,0
26_03__walking_outside_cafe_disgusted__WBSXBL82,completed,16,0
13_03__talking_angry_couch__GBYWJW06,completed,16,0
02__walk_down_hall_angry,completed,16,0
26__kitchen_still,completed,16,0
03__podium_speech_happy,completed,16,0
11_18__secret_conversation__PT4YKO2R,completed,16,0
15_07__walking_down_indoor_hall_disgust__NYPO7U50,completed,16,0
19__outside_talking_pan_laughing,completed,16,0
26_20__kitchen_pan__34DJQS3E,completed,16,0
22__secret_conversation,completed,16,0
04_07__kitchen_pan__XRK7FGZX,completed,16,0
12_13__podium_speech_happy__BFH4F0N8,completed,16,0
19__talking_against_wall,completed,16,0
06_15__outside_talking_pan_laughing__QRCD27P8,completed,16,0
20_26__outside_talking_pan_laughing__1UEDQ3GY,completed,16,0
03__hugging_happy,completed,16,0
15_12__walking_down_indoor_hall_disgust__N0SRODQD,completed,16,0
15_03__walking_down_indoor_hall_disgust__OY4I7ZU8,completed,16,0
27__meeting_serious,completed,16,0
15_01__kitchen_still__02HILKYO,completed,16,0
01_03__kitchen_still__JZUXXFRB,completed,16,0
11__talking_against_wall,completed,16,0
22_19__outside_talking_pan_laughing__VK6BF5NV,completed,16,0
24_22__walk_down_hall_angry__7E3GY85F,completed,16,0
09__talking_against_wall,completed,16,0
18_02__secret_conversation__OXMEEFUQ,completed,16,0
08_05__walk_down_hall_angry__YN1Q9TER,completed,16,0
14__hugging_happy,completed,16,0
21_09__podium_speech_happy__J7SQKGUR,completed,16,0
12_04__walking_and_outside_surprised__96TQKDFJ,completed,16,0
03__secret_conversation,completed,16,0
21__walking_outside_cafe_disgusted,completed,16,0
10__exit_phone_room,completed,16,0
11_07__kitchen_still__R7R86Z62,completed,16,0
28__kitchen_still,completed,16,0
25__exit_phone_room,completed,16,0
05_08__kitchen_still__LVIZ2X8P,completed,16,0
06_12__podium_speech_happy__0VR4Y891,completed,16,0
14__outside_talking_still_laughing,completed,16,0
20_13__hugging_happy__HQHYKNGK,completed,16,0
21_09__kitchen_pan__WBPEX4CU,completed,16,0
15__walking_down_indoor_hall_disgust,completed,16,0
27_07__walking_down_street_outside_angry__3RH5PR6S,completed,16,0
18_26__walking_outside_cafe_disgusted__UMEX6HWU,completed,16,0
20__kitchen_pan,completed,16,0
21_11__walk_down_hall_angry__T7DK03O1,completed,16,0
24__talking_angry_couch,completed,16,0
18__podium_speech_happy,completed,16,0
20__kitchen_still,completed,16,0
02_15__podium_speech_happy__I8G2LWD1,completed,16,0
14_21__walking_down_street_outside_angry__N0WM4GSV,completed,16,0
05__talking_against_wall,completed,16,0
23__walking_down_indoor_hall_disgust,completed,16,0
